Product,Supplier,KGs Purchased,Purchase Price,KGs Sold,Selling Price,Date
Oranges,Farm Direct,177,1.12,105,1.76,10/01/2021
Lemons,Farm Direct,91,1.1,51,1.79,18/03/2021
Lemons,Natural Best,115,0.62,21,1.08,31/03/2021
Carrots,Nature Food,70,1.12,136,1.93,08/02/2021
Peas,Grocers Int.,143,0.48,151,0.75,20/03/2021
Limes,Grocers Int.,150,0.83,17,1.39,27/02/2021
Apples,Clean Living,56,0.48,88,0.76,06/03/2021
Limes,Nature Food,92,1,24,1.7,03/03/2021
Peas,Natural Best,62,1,33,1.62,15/02/2021
Asparagus,Clean Living,132,1,156,1.56,17/01/2021
Pears,Grocers Int.,174,1,28,1.53,25/02/2021
Melons,Natural Best,167,1.12,108,1.76,16/02/2021
Oranges,Grocers Int.,123,1.19,9,2,05/02/2021
Limes,Clean Living,137,1.12,65,1.92,09/02/2021
Lemons,Grocers Int.,179,1,183,1.62,03/02/2021
Broccoli,Nature Food,94,1.1,72,1.69,16/03/2021
Lettuce,Farm Direct,94,1.42,46,2.37,01/02/2021
Lemons,Clean Living,75,1.42,76,2.19,20/01/2021
Limes,Grocers Int.,152,1,30,1.59,03/01/2021
Lemons,Farm Direct,54,0.62,53,1,26/02/2021
Celery,Natural Best,172,0.83,33,1.35,02/03/2021
Cauliflower,Nature Food,166,1.42,93,2.43,14/02/2021
Lemons,Farm Direct,105,0.88,9,1.48,19/03/2021
Apples,Clean Living,189,1.12,62,1.69,09/03/2021
Oranges,Farm Direct,104,1,58,1.59,22/03/2021
Apples,Nature Food,70,1,176,1.57,26/01/2021
Apples,Grocers Int.,85,1.19,77,2.06,27/03/2021
Melons,Nature Food,103,1,74,1.57,05/02/2021
Potatoes,Clean Living,54,1,92,1.57,15/02/2021
Oranges,Nature Food,125,1,167,1.64,28/01/2021
Oranges,Natural Best,99,1.42,75,2.31,13/01/2021
Cauliflower,Farm Direct,196,1.1,26,1.75,01/01/2021
Cabbages,Natural Best,79,1.12,26,1.93,25/02/2021
Asparagus,Farm Direct,161,1.12,164,1.85,30/03/2021
Broccoli,Natural Best,177,1.19,58,1.81,26/02/2021
Peas,Grocers Int.,97,1.1,190,1.84,08/02/2021
Onions,Nature Food,167,1,141,1.67,04/01/2021
Carrots,Farm Direct,129,1,52,1.5,05/03/2021
Pears,Nature Food,138,1,36,1.65,21/03/2021
Broccoli,Natural Best,69,0.83,85,1.31,06/03/2021
Carrots,Clean Living,186,1.19,51,2.01,17/01/2021
Melons,Clean Living,92,0.62,59,0.93,16/01/2021
Lettuce,Clean Living,88,1,62,1.71,05/01/2021
Pears,Grocers Int.,108,1.19,89,1.92,24/01/2021
Limes,Farm Direct,141,0.48,50,0.84,10/01/2021
Peas,Farm Direct,65,1.19,164,1.87,25/01/2021
Carrots,Nature Food,51,1,2,1.56,04/02/2021
Oranges,Farm Direct,179,1.42,140,2.39,14/03/2021
Pears,Clean Living,98,1.1,97,1.89,14/01/2021
Asparagus,Grocers Int.,160,0.62,131,1.02,20/01/2021
Apples,Clean Living,92,1.12,172,1.95,04/02/2021
Limes,Clean Living,66,1.42,155,2.41,10/02/2021
Lettuce,Grocers Int.,149,1.12,133,1.69,01/03/2021
Lettuce,Farm Direct,149,1.42,64,2.16,02/01/2021
Onions,Grocers Int.,92,0.88,52,1.4,27/03/2021
Asparagus,Natural Best,165,0.62,103,1.02,23/03/2021
Lemons,Grocers Int.,146,1.42,27,2.36,09/03/2021
Limes,Grocers Int.,164,0.48,184,0.74,10/01/2021
Lettuce,Grocers Int.,171,0.62,140,1.06,12/01/2021
Peas,Natural Best,89,0.83,77,1.24,31/01/2021
Potatoes,Nature Food,135,0.83,54,1.25,22/01/2021
Potatoes,Natural Best,184,1.1,138,1.81,25/02/2021
Onions,Farm Direct,101,0.62,179,1,25/01/2021
Asparagus,Natural Best,184,0.83,171,1.44,15/03/2021
Celery,Farm Direct,200,0.62,18,1.02,20/02/2021
Pears,Farm Direct,75,1.42,18,2.23,05/01/2021
Pears,Farm Direct,124,1.42,125,2.27,18/01/2021
Melons,Clean Living,82,0.62,195,1,28/02/2021
Apples,Clean Living,52,0.83,179,1.39,14/01/2021
Celery,Clean Living,131,0.88,54,1.42,12/01/2021
Asparagus,Natural Best,193,0.48,115,0.81,29/01/2021
Lemons,Farm Direct,153,0.83,172,1.36,04/01/2021
Oranges,Grocers Int.,170,0.83,172,1.32,04/01/2021
Apples,Grocers Int.,107,1.42,24,2.33,14/02/2021
Peas,Farm Direct,156,0.83,9,1.43,19/03/2021
Carrots,Natural Best,106,0.83,26,1.34,26/01/2021
Cauliflower,Nature Food,183,1.12,11,1.89,01/01/2021
Onions,Farm Direct,128,0.83,70,1.44,15/01/2021
Potatoes,Natural Best,163,1.19,142,1.8,02/02/2021
Limes,Clean Living,121,1.1,83,1.85,10/01/2021
Asparagus,Grocers Int.,99,0.83,159,1.39,11/01/2021
Broccoli,Nature Food,93,0.88,11,1.41,08/01/2021
Pears,Natural Best,97,1,42,1.69,11/02/2021
Apples,Farm Direct,61,0.62,9,1,06/03/2021
Melons,Grocers Int.,148,0.88,38,1.33,17/03/2021
Broccoli,Farm Direct,166,0.88,195,1.5,06/02/2021
Cauliflower,Farm Direct,180,1.19,6,2.06,01/01/2021
Celery,Grocers Int.,173,0.83,114,1.33,14/01/2021
Cauliflower,Natural Best,88,0.83,114,1.28,28/01/2021
Cabbages,Farm Direct,54,1.1,180,1.66,06/01/2021
Cauliflower,Clean Living,84,1.12,90,1.92,07/01/2021
Potatoes,Natural Best,128,1,58,1.53,28/02/2021
Oranges,Farm Direct,104,0.83,56,1.26,01/02/2021
Celery,Nature Food,142,0.62,102,1,08/02/2021
Carrots,Farm Direct,94,0.83,175,1.31,12/01/2021
Celery,Clean Living,52,1.1,140,1.89,21/02/2021
Limes,Farm Direct,183,0.83,140,1.34,31/03/2021
Pears,Clean Living,158,1,141,1.69,08/02/2021
Apples,Clean Living,123,1.1,16,1.91,11/01/2021
Lettuce,Grocers Int.,146,1.12,56,1.72,16/03/2021
Peas,Nature Food,199,1.12,1,1.76,13/03/2021
Cauliflower,Grocers Int.,114,1.42,157,2.22,28/03/2021
Asparagus,Farm Direct,178,1.1,143,1.78,09/03/2021
Limes,Farm Direct,78,1,101,1.52,17/01/2021
Apples,Clean Living,91,1.42,170,2.24,30/03/2021
Oranges,Nature Food,51,1.42,128,2.46,31/03/2021
Cabbages,Natural Best,167,1,89,1.73,18/01/2021
Apples,Clean Living,137,0.62,159,1.08,11/01/2021
Cauliflower,Nature Food,68,1.12,22,1.96,05/02/2021
Lemons,Clean Living,85,0.48,13,0.83,19/02/2021
Asparagus,Farm Direct,137,1.12,32,1.76,27/03/2021
Pears,Farm Direct,183,0.48,51,0.8,06/01/2021
Celery,Natural Best,88,0.83,56,1.27,24/03/2021
Lemons,Natural Best,170,1.12,199,1.79,15/03/2021
Cabbages,Natural Best,158,1.19,98,1.95,06/03/2021
Broccoli,Farm Direct,149,1.42,68,2.44,01/01/2021
Melons,Clean Living,190,0.62,197,1.04,16/01/2021
Apples,Grocers Int.,90,0.48,142,0.78,22/03/2021
Onions,Grocers Int.,84,0.83,26,1.3,03/03/2021
Potatoes,Grocers Int.,138,0.88,99,1.5,11/01/2021
Oranges,Nature Food,152,0.62,121,1.04,21/01/2021
Pears,Natural Best,168,1,28,1.7,29/03/2021
Pears,Nature Food,54,1.1,94,1.88,12/03/2021
Asparagus,Nature Food,51,1.1,92,1.72,22/02/2021
Asparagus,Natural Best,176,1.19,99,2,24/02/2021
Lettuce,Clean Living,127,1.19,89,1.87,03/02/2021
Lemons,Nature Food,185,0.62,187,1,20/02/2021
Broccoli,Nature Food,173,0.83,104,1.29,12/03/2021
Potatoes,Grocers Int.,61,0.83,197,1.44,17/02/2021
Onions,Nature Food,69,0.83,123,1.43,04/01/2021
Peas,Clean Living,127,1,117,1.59,02/03/2021
Oranges,Farm Direct,193,1,22,1.75,20/02/2021
Peas,Natural Best,170,1.12,185,1.81,07/03/2021
Apples,Clean Living,118,1.12,161,1.69,10/02/2021
Onions,Clean Living,68,1.19,14,1.83,29/03/2021
Apples,Grocers Int.,70,1.42,17,2.14,13/03/2021
Onions,Nature Food,147,0.62,197,1.05,25/01/2021
Cauliflower,Clean Living,64,0.62,137,1.06,18/01/2021
Celery,Natural Best,129,0.83,157,1.44,27/02/2021
Celery,Natural Best,66,0.48,65,0.76,15/01/2021
Broccoli,Farm Direct,190,0.83,134,1.32,02/02/2021
Asparagus,Natural Best,175,1.1,56,1.74,10/03/2021
Onions,Farm Direct,148,1,70,1.51,14/02/2021
Melons,Nature Food,109,0.88,79,1.53,23/01/2021
Lemons,Natural Best,62,0.83,156,1.4,28/01/2021
Cauliflower,Clean Living,178,0.88,37,1.4,19/03/2021
Carrots,Grocers Int.,52,0.88,57,1.38,09/03/2021
Cabbages,Nature Food,102,0.48,190,0.83,23/01/2021
Cabbages,Grocers Int.,188,0.62,57,1.08,09/01/2021
Cabbages,Grocers Int.,178,0.48,178,0.72,07/01/2021
Peas,Farm Direct,62,1.12,69,1.89,24/03/2021
Peas,Clean Living,74,0.88,104,1.5,04/02/2021
Onions,Farm Direct,90,1,197,1.63,27/01/2021
Cabbages,Grocers Int.,70,0.48,189,0.74,26/03/2021
Onions,Farm Direct,185,0.62,110,0.95,13/01/2021
Potatoes,Grocers Int.,71,0.48,16,0.75,28/01/2021
Cabbages,Farm Direct,56,1.19,173,1.8,23/03/2021
Peas,Nature Food,53,0.83,195,1.31,19/03/2021
Cabbages,Natural Best,114,1.1,7,1.89,30/01/2021
Asparagus,Grocers Int.,75,1.12,30,1.77,25/03/2021
Apples,Grocers Int.,159,1.19,174,1.95,18/02/2021
Asparagus,Nature Food,80,0.62,68,1.05,12/02/2021
Celery,Natural Best,72,1.42,24,2.41,21/01/2021
Broccoli,Nature Food,120,1,74,1.59,19/02/2021
Celery,Natural Best,187,1.42,88,2.23,16/03/2021
Cauliflower,Nature Food,124,0.48,9,0.8,18/01/2021
Cauliflower,Nature Food,80,1.19,35,2.07,08/01/2021
Broccoli,Natural Best,146,1,35,1.69,03/02/2021
Oranges,Farm Direct,157,1.12,47,1.76,01/03/2021
Celery,Clean Living,198,1.42,50,2.13,19/03/2021
Broccoli,Nature Food,191,0.48,176,0.8,10/03/2021
Peas,Grocers Int.,55,1.42,184,2.44,01/01/2021
Oranges,Grocers Int.,148,1.42,85,2.48,01/03/2021
Limes,Natural Best,161,1.1,21,1.89,05/03/2021
Lettuce,Nature Food,117,1.19,138,2,17/01/2021
Oranges,Nature Food,147,0.48,14,0.82,20/02/2021
Broccoli,Nature Food,76,0.88,56,1.39,21/01/2021
Celery,Clean Living,102,0.88,186,1.52,01/02/2021
Asparagus,Clean Living,66,0.62,77,0.97,11/01/2021
Limes,Natural Best,123,0.88,10,1.35,18/03/2021
Cauliflower,Natural Best,60,0.48,110,0.78,01/02/2021
Carrots,Grocers Int.,75,1.42,116,2.47,23/02/2021
Pears,Grocers Int.,118,0.88,166,1.35,30/03/2021
Limes,Clean Living,83,0.88,126,1.49,19/03/2021
Limes,Natural Best,98,1.1,153,1.77,24/03/2021
Peas,Natural Best,136,1.1,86,1.69,02/01/2021
Celery,Clean Living,189,1.12,144,1.92,30/01/2021
Cabbages,Natural Best,126,1.42,70,2.13,10/02/2021
Apples,Farm Direct,190,0.83,184,1.36,26/01/2021
Melons,Grocers Int.,177,0.88,86,1.35,19/03/2021
Celery,Farm Direct,60,1.12,96,1.94,24/01/2021
Peas,Natural Best,140,1.19,194,1.88,08/03/2021
Pears,Farm Direct,83,1.19,151,2.07,17/02/2021
Apples,Farm Direct,193,1.1,14,1.66,10/03/2021
Melons,Farm Direct,154,0.83,162,1.33,23/01/2021
Melons,Natural Best,142,1,187,1.75,14/01/2021
Cabbages,Clean Living,62,1.19,6,2.02,17/03/2021
Pears,Clean Living,102,1,51,1.6,15/02/2021
Pears,Clean Living,170,1.1,83,1.67,11/01/2021
Onions,Natural Best,93,1.42,190,2.3,20/02/2021
Limes,Clean Living,103,1.1,45,1.67,10/03/2021
Apples,Nature Food,89,0.62,16,1.01,10/01/2021
Potatoes,Farm Direct,169,0.48,127,0.76,06/02/2021
Onions,Clean Living,133,0.88,120,1.41,02/01/2021
Cabbages,Natural Best,145,0.48,183,0.77,14/03/2021
Carrots,Grocers Int.,123,0.62,107,1.03,09/03/2021
Carrots,Clean Living,60,0.88,63,1.36,18/02/2021
Melons,Farm Direct,143,1.19,114,1.99,08/02/2021
Pears,Clean Living,101,1.42,189,2.3,19/03/2021
Lettuce,Grocers Int.,63,1.42,3,2.26,25/03/2021
Lettuce,Nature Food,197,0.83,183,1.34,22/01/2021
Peas,Nature Food,132,0.83,189,1.35,21/03/2021
Carrots,Farm Direct,193,0.88,139,1.54,13/01/2021
Cauliflower,Grocers Int.,139,1.42,177,2.41,15/01/2021
Apples,Natural Best,176,0.62,143,0.95,23/01/2021
Asparagus,Nature Food,68,0.62,185,0.93,01/02/2021
Peas,Nature Food,198,1.19,2,1.89,27/02/2021
Onions,Farm Direct,146,1.42,154,2.2,03/02/2021
Lettuce,Natural Best,97,0.83,35,1.44,16/02/2021
Oranges,Nature Food,105,0.48,106,0.83,25/03/2021
Pears,Natural Best,192,0.83,1,1.28,29/03/2021
Onions,Farm Direct,78,1.42,38,2.43,06/03/2021
Pears,Natural Best,123,1,168,1.68,24/02/2021
Celery,Grocers Int.,173,1.12,6,1.76,09/02/2021
Melons,Clean Living,107,1.12,26,1.92,20/03/2021
Melons,Grocers Int.,123,0.88,81,1.48,01/01/2021
Carrots,Farm Direct,166,1.19,122,1.9,20/03/2021
Broccoli,Grocers Int.,182,0.88,100,1.45,17/03/2021
Pears,Farm Direct,70,0.48,66,0.74,31/03/2021
Carrots,Natural Best,100,1.1,175,1.86,11/02/2021
Carrots,Clean Living,96,1.42,121,2.31,15/03/2021
Broccoli,Farm Direct,90,0.62,111,0.94,18/03/2021
Cabbages,Nature Food,161,1.12,189,1.92,27/03/2021
Cauliflower,Natural Best,95,0.83,127,1.28,19/03/2021
Limes,Natural Best,175,1.1,138,1.86,25/02/2021
Onions,Grocers Int.,171,1.42,167,2.41,03/01/2021
Limes,Farm Direct,76,0.62,73,0.93,01/02/2021
Carrots,Clean Living,198,1.42,167,2.16,25/03/2021
Pears,Nature Food,79,1.19,143,2.05,15/03/2021
Onions,Farm Direct,144,1.12,178,1.7,04/03/2021
Apples,Grocers Int.,99,0.83,147,1.24,11/02/2021
Celery,Grocers Int.,77,1.12,140,1.74,26/02/2021
Carrots,Natural Best,169,0.88,135,1.46,28/03/2021
Pears,Farm Direct,199,0.83,85,1.33,07/03/2021
Peas,Clean Living,148,0.62,83,1.02,12/03/2021
Carrots,Natural Best,157,1.1,26,1.85,11/02/2021
Potatoes,Farm Direct,82,1.12,31,1.83,01/03/2021
Lemons,Farm Direct,147,0.88,174,1.35,14/03/2021
Potatoes,Natural Best,150,0.83,183,1.27,01/02/2021
Cabbages,Farm Direct,166,1.1,135,1.91,28/01/2021
Onions,Farm Direct,94,1.42,24,2.4,22/03/2021
Cabbages,Clean Living,136,0.62,56,1,05/01/2021
Apples,Nature Food,143,0.83,54,1.27,28/03/2021
Lemons,Farm Direct,162,0.88,153,1.5,18/02/2021
Melons,Farm Direct,83,0.48,149,0.82,16/02/2021
Cabbages,Nature Food,151,0.62,61,1.05,12/01/2021
Potatoes,Clean Living,128,1.12,73,1.74,06/01/2021
Asparagus,Nature Food,70,1.1,128,1.73,14/03/2021
Oranges,Natural Best,79,1.42,79,2.43,26/02/2021
Onions,Natural Best,53,1.1,52,1.86,10/03/2021
Potatoes,Natural Best,162,0.83,102,1.44,11/03/2021
Melons,Clean Living,68,1.42,131,2.3,30/03/2021
Potatoes,Natural Best,79,1.12,13,1.75,05/02/2021
Carrots,Grocers Int.,149,1.1,85,1.85,13/01/2021
Broccoli,Natural Best,57,0.62,50,0.99,16/01/2021
Lemons,Farm Direct,184,0.83,165,1.27,24/02/2021
Cabbages,Clean Living,134,1.1,100,1.88,02/03/2021
Broccoli,Natural Best,179,0.83,92,1.45,04/01/2021
Apples,Nature Food,186,0.83,66,1.44,29/01/2021
Apples,Nature Food,190,0.83,73,1.41,15/02/2021
Apples,Grocers Int.,63,0.62,137,0.95,15/02/2021
Carrots,Nature Food,177,1.19,104,2.08,09/02/2021
Apples,Farm Direct,196,1.1,114,1.8,21/02/2021
Onions,Nature Food,134,1.19,29,2,03/01/2021
Onions,Clean Living,146,1,196,1.72,15/02/2021
Carrots,Grocers Int.,162,0.48,62,0.82,31/03/2021
Lettuce,Nature Food,92,0.48,162,0.81,10/03/2021
Cauliflower,Farm Direct,127,0.83,168,1.25,24/01/2021
Lemons,Farm Direct,86,0.62,89,0.97,22/02/2021
Celery,Grocers Int.,191,0.48,82,0.82,10/02/2021
Apples,Natural Best,137,0.48,101,0.84,13/02/2021
Peas,Grocers Int.,73,0.48,184,0.8,12/03/2021
Lettuce,Nature Food,141,1.19,129,1.81,06/03/2021
Carrots,Farm Direct,183,0.83,5,1.35,17/02/2021
Cabbages,Clean Living,51,1.19,66,2.02,22/03/2021
Broccoli,Farm Direct,59,1.42,150,2.17,11/03/2021
Celery,Natural Best,155,0.88,84,1.52,23/02/2021
Oranges,Natural Best,109,1.42,54,2.34,19/02/2021
Celery,Nature Food,66,0.88,185,1.34,17/03/2021
Peas,Grocers Int.,196,0.48,139,0.76,30/03/2021
Lettuce,Clean Living,54,1,92,1.63,20/03/2021
Peas,Nature Food,159,1.42,52,2.46,11/02/2021
Cauliflower,Clean Living,73,1.19,172,2.05,21/02/2021
Broccoli,Farm Direct,120,0.62,66,1.04,16/01/2021
Oranges,Farm Direct,154,1.12,83,1.9,19/02/2021
Onions,Nature Food,124,1.19,11,2.02,11/02/2021
Asparagus,Grocers Int.,167,1.12,81,1.85,25/03/2021
Carrots,Grocers Int.,71,0.88,41,1.33,19/02/2021
Pears,Clean Living,184,1.42,39,2.29,25/03/2021
Cabbages,Nature Food,67,0.88,22,1.44,04/03/2021
Melons,Farm Direct,157,0.83,26,1.32,17/02/2021
Pears,Grocers Int.,141,0.83,131,1.27,21/03/2021
Peas,Nature Food,148,0.62,13,0.99,22/02/2021
Potatoes,Clean Living,141,1.19,141,1.88,12/03/2021
Melons,Clean Living,167,0.48,85,0.83,07/03/2021
Oranges,Farm Direct,112,1,57,1.6,23/02/2021
Broccoli,Grocers Int.,123,1.1,189,1.79,19/03/2021
Potatoes,Natural Best,183,1,61,1.72,29/01/2021
Oranges,Farm Direct,140,1.42,28,2.19,10/01/2021
Peas,Nature Food,91,0.62,190,1.02,09/01/2021
Cabbages,Grocers Int.,81,0.48,39,0.83,21/02/2021
Pears,Clean Living,106,0.88,10,1.39,04/02/2021
Lemons,Nature Food,67,0.62,16,0.97,11/01/2021
Pears,Nature Food,167,1.42,121,2.48,24/03/2021
Melons,Clean Living,109,0.48,150,0.81,13/02/2021
Melons,Clean Living,180,0.62,15,1.02,02/03/2021
Peas,Nature Food,97,1,28,1.54,11/02/2021
Apples,Grocers Int.,159,1.12,151,1.79,09/02/2021
Apples,Nature Food,175,0.83,90,1.43,27/03/2021
Apples,Clean Living,184,0.83,171,1.29,12/03/2021
Peas,Nature Food,172,1.12,144,1.69,18/02/2021
Peas,Clean Living,120,0.83,70,1.25,18/01/2021
Celery,Farm Direct,100,1.1,49,1.85,20/01/2021
Onions,Grocers Int.,183,0.83,105,1.29,28/01/2021
Celery,Farm Direct,176,0.83,110,1.41,16/01/2021
Lemons,Grocers Int.,194,1.42,181,2.4,16/02/2021
Cabbages,Natural Best,120,1.42,171,2.47,09/03/2021
Celery,Grocers Int.,102,0.48,31,0.84,16/03/2021
Cabbages,Nature Food,69,1,8,1.7,07/03/2021
Lemons,Farm Direct,158,1.19,124,1.87,20/03/2021
Potatoes,Clean Living,128,1,109,1.51,27/01/2021
Apples,Nature Food,96,1,53,1.5,27/03/2021
Pears,Clean Living,131,0.48,3,0.82,13/01/2021
Melons,Natural Best,163,0.48,120,0.77,05/03/2021
Apples,Nature Food,132,0.48,149,0.82,24/01/2021
Peas,Farm Direct,62,1.19,27,1.87,31/03/2021
Potatoes,Clean Living,63,0.48,43,0.82,03/03/2021
Limes,Nature Food,151,1.12,88,1.9,19/03/2021
Asparagus,Nature Food,196,1.19,137,2.05,28/01/2021
Cabbages,Clean Living,112,0.83,134,1.43,22/01/2021
Peas,Clean Living,81,1.12,112,1.88,25/02/2021
Apples,Clean Living,107,1.19,56,2.02,04/02/2021
Oranges,Natural Best,191,0.88,120,1.38,13/01/2021
Potatoes,Clean Living,57,1.12,192,1.96,08/01/2021
Oranges,Natural Best,137,1.1,182,1.74,08/02/2021
Carrots,Grocers Int.,170,1.12,31,1.87,06/01/2021
Lettuce,Nature Food,191,0.48,28,0.84,28/02/2021
Lemons,Farm Direct,56,0.62,39,1.04,11/02/2021
Lemons,Grocers Int.,179,1.12,27,1.76,21/01/2021
Carrots,Natural Best,127,0.88,91,1.44,08/02/2021
Oranges,Clean Living,169,1.1,57,1.68,20/03/2021
Oranges,Clean Living,89,1,172,1.75,27/01/2021
Celery,Farm Direct,157,0.62,171,0.95,21/01/2021
Cabbages,Clean Living,71,0.48,79,0.72,02/01/2021
Potatoes,Clean Living,153,1,18,1.59,12/02/2021
Carrots,Nature Food,117,1,143,1.57,27/03/2021
Pears,Farm Direct,159,1.12,110,1.79,05/03/2021
Peas,Clean Living,173,1.1,29,1.88,07/03/2021
Cabbages,Nature Food,177,1,77,1.71,23/03/2021
Melons,Natural Best,178,1.12,101,1.92,01/02/2021
Limes,Natural Best,175,1,110,1.55,26/01/2021
Lettuce,Farm Direct,52,1.12,153,1.68,08/02/2021
Cabbages,Farm Direct,128,1,153,1.56,04/02/2021
Lettuce,Nature Food,87,0.88,187,1.43,09/03/2021
Celery,Clean Living,95,1.19,158,1.84,05/01/2021
Oranges,Grocers Int.,96,1.1,191,1.73,31/03/2021
Lemons,Nature Food,131,1.1,121,1.87,07/03/2021
Cauliflower,Nature Food,154,0.62,181,0.97,04/02/2021
Lemons,Farm Direct,178,0.88,77,1.39,15/01/2021
Pears,Grocers Int.,62,1.12,107,1.76,23/03/2021
Apples,Grocers Int.,172,1.12,66,1.69,02/02/2021
Peas,Grocers Int.,108,0.88,67,1.37,22/02/2021
Oranges,Farm Direct,152,0.88,147,1.4,10/01/2021
Melons,Grocers Int.,117,0.48,57,0.74,10/03/2021
Cauliflower,Natural Best,61,1.12,81,1.83,24/01/2021
Cauliflower,Clean Living,176,1.19,96,2.07,23/03/2021
Celery,Grocers Int.,190,0.48,25,0.78,02/03/2021
Limes,Grocers Int.,89,1.1,73,1.9,26/03/2021
Pears,Nature Food,84,0.83,22,1.42,06/01/2021
Apples,Clean Living,60,1.12,149,1.79,04/02/2021
Broccoli,Nature Food,128,1,1,1.63,21/03/2021
Carrots,Clean Living,168,1,85,1.51,01/01/2021
Limes,Natural Best,89,1.1,160,1.79,16/01/2021
Potatoes,Grocers Int.,51,1.19,160,2.06,08/02/2021
Peas,Nature Food,115,1.19,124,1.86,14/02/2021
Broccoli,Natural Best,107,0.83,2,1.3,20/02/2021
Lemons,Grocers Int.,77,1.42,65,2.13,07/01/2021
Oranges,Natural Best,132,1.19,161,2.01,08/01/2021
Melons,Natural Best,147,1.19,187,2,28/01/2021
Oranges,Natural Best,117,0.83,155,1.38,25/02/2021
Carrots,Farm Direct,54,1.19,137,2,09/03/2021
Peas,Natural Best,173,1.19,81,1.82,29/03/2021
Pears,Farm Direct,125,0.88,85,1.39,03/01/2021
Broccoli,Clean Living,162,0.83,116,1.42,03/03/2021
Lemons,Clean Living,141,1.12,141,1.74,11/01/2021
Apples,Natural Best,173,1,110,1.66,29/03/2021
Peas,Clean Living,149,1.12,156,1.9,28/02/2021
Asparagus,Nature Food,129,0.48,2,0.81,23/03/2021
Oranges,Grocers Int.,90,0.83,18,1.3,26/03/2021
Lemons,Natural Best,166,0.48,92,0.83,22/03/2021
Lemons,Farm Direct,68,1,22,1.75,21/02/2021
Carrots,Clean Living,153,1.19,155,1.94,03/01/2021
Oranges,Clean Living,54,1.1,17,1.75,09/03/2021
Broccoli,Nature Food,111,1.19,127,1.81,26/02/2021
Cauliflower,Nature Food,171,0.48,1,0.8,10/02/2021
Potatoes,Natural Best,134,0.48,141,0.72,12/01/2021
Cabbages,Natural Best,150,1.12,84,1.87,24/03/2021
Asparagus,Natural Best,149,1.12,138,1.76,22/01/2021
Potatoes,Natural Best,144,1.1,56,1.74,09/03/2021
Potatoes,Natural Best,76,1.12,94,1.78,17/02/2021
Apples,Natural Best,66,1,155,1.57,31/01/2021
Peas,Clean Living,187,1.19,49,2.05,04/02/2021
Celery,Farm Direct,181,0.88,196,1.53,24/01/2021
Pears,Farm Direct,71,1.1,19,1.9,21/01/2021
Carrots,Natural Best,181,0.83,145,1.44,09/01/2021
Apples,Nature Food,98,1.1,65,1.93,27/01/2021
Lemons,Clean Living,108,1.19,138,2,23/02/2021
Apples,Grocers Int.,157,1,78,1.65,14/02/2021
Lemons,Farm Direct,101,0.62,128,0.95,02/01/2021
Pears,Farm Direct,60,1.42,84,2.4,06/01/2021
Apples,Farm Direct,86,1.1,199,1.66,01/03/2021
Apples,Farm Direct,129,1,193,1.72,02/03/2021
Peas,Farm Direct,103,0.48,112,0.84,25/02/2021
Limes,Farm Direct,146,0.88,140,1.52,20/02/2021
Asparagus,Natural Best,176,1.42,50,2.48,27/03/2021
Cauliflower,Farm Direct,129,1,179,1.61,03/02/2021
Limes,Farm Direct,103,1.19,82,1.81,16/03/2021
Potatoes,Grocers Int.,137,0.83,135,1.45,13/01/2021
Cabbages,Grocers Int.,90,0.62,38,1.08,12/01/2021
Celery,Farm Direct,171,0.88,77,1.41,18/01/2021
Potatoes,Natural Best,142,1,132,1.52,02/02/2021
Onions,Nature Food,129,0.83,54,1.41,17/03/2021
Potatoes,Farm Direct,50,0.83,71,1.31,20/02/2021
Broccoli,Natural Best,196,0.88,58,1.51,10/02/2021
Celery,Natural Best,136,1.19,130,1.99,14/03/2021
Oranges,Clean Living,167,1,194,1.63,17/01/2021
Pears,Nature Food,128,0.48,160,0.84,25/03/2021
Limes,Clean Living,52,0.88,138,1.5,02/01/2021
Melons,Grocers Int.,162,1,182,1.53,22/01/2021
Asparagus,Farm Direct,177,0.88,131,1.43,06/02/2021
Broccoli,Farm Direct,117,0.88,107,1.43,01/01/2021
Cauliflower,Nature Food,103,0.62,188,1.02,29/01/2021
Limes,Natural Best,52,0.48,176,0.8,28/03/2021
Celery,Nature Food,81,1.12,190,1.74,07/02/2021
Cabbages,Clean Living,91,1.19,83,1.95,07/02/2021
Lettuce,Clean Living,113,1.19,116,1.83,10/02/2021
Pears,Farm Direct,101,0.88,63,1.38,31/01/2021
Lettuce,Grocers Int.,61,1.19,127,2.06,27/01/2021
Broccoli,Farm Direct,92,0.62,168,0.97,11/03/2021
Carrots,Nature Food,106,1.12,88,1.83,25/02/2021
Potatoes,Nature Food,158,0.88,130,1.43,22/02/2021
Apples,Clean Living,126,0.83,136,1.25,13/02/2021
Pears,Nature Food,157,0.48,195,0.8,17/01/2021
Cabbages,Natural Best,63,0.83,75,1.27,09/03/2021
Limes,Clean Living,188,0.62,44,0.95,10/01/2021
Melons,Clean Living,117,1.19,37,1.78,22/02/2021
Melons,Farm Direct,87,1.1,127,1.76,09/03/2021
Lemons,Grocers Int.,69,0.62,61,1.08,12/01/2021
Cabbages,Natural Best,74,0.88,134,1.36,20/01/2021
Broccoli,Nature Food,52,1.42,35,2.33,27/01/2021
Apples,Farm Direct,66,0.62,10,0.96,10/01/2021
Asparagus,Nature Food,174,1.1,49,1.93,20/01/2021
Peas,Grocers Int.,106,1.1,78,1.81,24/01/2021
Melons,Grocers Int.,172,1.42,51,2.44,27/02/2021
Onions,Clean Living,61,1.42,21,2.43,17/03/2021
Carrots,Farm Direct,172,0.83,188,1.36,01/01/2021
Cabbages,Natural Best,152,0.88,4,1.36,19/01/2021
Carrots,Nature Food,110,1.1,52,1.89,07/02/2021
Broccoli,Nature Food,112,1.42,193,2.3,23/01/2021
Melons,Nature Food,60,0.62,51,1.06,01/02/2021
Apples,Grocers Int.,139,1.12,181,1.8,28/03/2021
Lettuce,Nature Food,63,1,163,1.74,29/03/2021
Pears,Grocers Int.,147,0.83,127,1.3,06/03/2021
Asparagus,Grocers Int.,147,0.48,47,0.72,16/01/2021
Limes,Farm Direct,177,1.42,139,2.31,13/01/2021
Cabbages,Natural Best,198,1.42,133,2.17,12/03/2021
Asparagus,Farm Direct,64,0.48,12,0.79,13/03/2021
Pears,Nature Food,79,1.42,113,2.24,25/02/2021
Cabbages,Nature Food,120,1.1,34,1.78,02/03/2021
Carrots,Clean Living,160,0.88,40,1.5,23/02/2021
Celery,Grocers Int.,169,1,76,1.59,18/01/2021
Celery,Nature Food,55,1.12,65,1.83,25/03/2021
Cauliflower,Natural Best,67,1.1,71,1.77,22/02/2021
Celery,Natural Best,101,0.62,57,1.03,15/01/2021
Melons,Natural Best,77,0.88,180,1.39,27/03/2021
Asparagus,Natural Best,184,0.48,101,0.72,28/01/2021
Peas,Grocers Int.,142,0.88,114,1.42,09/03/2021
Limes,Nature Food,144,1.12,90,1.83,03/02/2021
Peas,Nature Food,143,1.42,192,2.39,03/01/2021
Carrots,Natural Best,92,0.83,132,1.28,28/01/2021
Celery,Nature Food,52,1.42,197,2.14,19/03/2021
Limes,Farm Direct,198,1.42,165,2.14,17/02/2021
Limes,Farm Direct,56,0.88,133,1.5,04/01/2021
Asparagus,Grocers Int.,141,1.19,36,1.87,06/02/2021
Cabbages,Natural Best,63,1,157,1.6,16/02/2021
Broccoli,Grocers Int.,89,1,30,1.64,09/02/2021
Carrots,Nature Food,120,0.48,174,0.76,23/03/2021
Cabbages,Nature Food,63,1.19,135,2,19/01/2021
Limes,Nature Food,174,1.1,74,1.68,14/03/2021
Oranges,Clean Living,53,0.88,138,1.45,17/01/2021
Celery,Nature Food,176,0.83,5,1.27,21/02/2021
Oranges,Nature Food,84,1.1,159,1.8,22/01/2021
Pears,Farm Direct,186,0.88,29,1.36,05/01/2021
Apples,Natural Best,127,1.19,149,1.81,25/02/2021
Pears,Nature Food,141,0.88,12,1.5,08/01/2021
Cabbages,Natural Best,102,0.88,156,1.41,09/01/2021
Onions,Natural Best,77,0.48,162,0.79,23/02/2021
Potatoes,Natural Best,65,0.83,19,1.29,10/01/2021
Carrots,Nature Food,89,1.12,151,1.9,01/02/2021
Peas,Clean Living,176,0.83,74,1.44,01/02/2021
Potatoes,Grocers Int.,198,1.42,197,2.23,26/03/2021
Cauliflower,Natural Best,147,0.48,107,0.72,04/01/2021
Cabbages,Nature Food,61,1.1,156,1.72,10/03/2021
Celery,Natural Best,184,1.42,50,2.33,24/01/2021
Onions,Grocers Int.,160,1.1,97,1.66,25/01/2021
Oranges,Natural Best,110,0.48,146,0.81,30/03/2021
Broccoli,Natural Best,109,0.62,191,1.03,13/02/2021
Apples,Farm Direct,157,1.1,145,1.91,04/03/2021
Limes,Farm Direct,97,1.19,100,2.02,03/02/2021
Pears,Natural Best,71,1,30,1.57,19/01/2021
Carrots,Nature Food,123,1.42,16,2.46,02/01/2021
Cabbages,Grocers Int.,162,1.19,17,2,06/01/2021
Apples,Nature Food,108,0.48,119,0.79,22/01/2021
Potatoes,Grocers Int.,103,0.83,93,1.44,21/03/2021
Celery,Natural Best,78,0.88,158,1.34,28/03/2021
Oranges,Clean Living,197,1.12,28,1.75,21/01/2021
Lemons,Farm Direct,200,0.83,38,1.28,26/01/2021
Peas,Farm Direct,105,0.83,88,1.42,13/03/2021
Onions,Clean Living,113,1.42,68,2.44,28/01/2021
Cauliflower,Natural Best,124,1.12,14,1.71,30/01/2021
Melons,Natural Best,110,0.88,186,1.43,03/03/2021
Apples,Natural Best,85,0.48,29,0.79,01/01/2021
Oranges,Farm Direct,153,1.12,194,1.76,12/03/2021
Onions,Clean Living,134,0.83,108,1.41,02/02/2021
Limes,Grocers Int.,102,0.48,133,0.75,21/02/2021
Celery,Natural Best,61,1.12,58,1.74,27/01/2021
Limes,Clean Living,170,1.42,6,2.27,22/03/2021
Cauliflower,Clean Living,151,1.19,159,1.98,01/03/2021
Broccoli,Natural Best,52,1,39,1.56,10/03/2021
Asparagus,Farm Direct,182,1.1,91,1.74,16/03/2021
Asparagus,Grocers Int.,186,0.62,118,0.99,06/02/2021
Melons,Farm Direct,67,1,110,1.67,10/02/2021
Lemons,Natural Best,148,0.48,82,0.8,11/01/2021
Oranges,Clean Living,174,0.62,168,0.94,12/03/2021
Broccoli,Natural Best,125,1.42,125,2.19,09/03/2021
Pears,Grocers Int.,52,0.88,72,1.32,31/01/2021
Celery,Clean Living,91,0.83,170,1.39,18/02/2021
Peas,Nature Food,86,1.12,103,1.75,21/03/2021
Oranges,Grocers Int.,170,1.19,108,1.83,25/03/2021
Peas,Natural Best,102,0.48,66,0.78,25/03/2021
Melons,Farm Direct,76,0.48,193,0.8,17/01/2021
Broccoli,Farm Direct,121,0.88,30,1.44,04/02/2021
Lemons,Clean Living,128,0.88,169,1.43,29/01/2021
Broccoli,Clean Living,181,0.83,183,1.29,18/03/2021
Potatoes,Nature Food,191,0.88,56,1.44,20/02/2021
Cauliflower,Clean Living,69,1.42,186,2.43,01/02/2021
Cauliflower,Nature Food,126,1,127,1.52,26/01/2021
Lemons,Nature Food,191,1.12,187,1.92,16/03/2021
Onions,Nature Food,126,1.19,46,2.08,05/03/2021
Apples,Natural Best,140,0.88,150,1.45,17/01/2021
Melons,Natural Best,80,1.1,47,1.66,15/02/2021
Asparagus,Nature Food,68,1,131,1.57,21/03/2021
Oranges,Farm Direct,83,1,129,1.72,26/01/2021
Onions,Farm Direct,66,1.12,49,1.74,04/02/2021
Onions,Clean Living,63,1.1,119,1.87,01/01/2021
Potatoes,Grocers Int.,191,1.42,170,2.3,05/03/2021
Peas,Nature Food,169,0.88,105,1.48,20/02/2021
Onions,Nature Food,112,0.48,76,0.83,15/02/2021
Apples,Nature Food,167,0.62,8,1,21/01/2021
Carrots,Nature Food,149,1.19,55,2.01,07/01/2021
Cabbages,Natural Best,197,1.12,25,1.69,10/02/2021
Carrots,Nature Food,132,0.48,85,0.82,12/01/2021
Pears,Nature Food,126,0.88,104,1.38,20/01/2021
Broccoli,Clean Living,156,1.1,69,1.66,09/03/2021
Pears,Clean Living,163,1,89,1.68,14/03/2021
Potatoes,Grocers Int.,146,1.1,149,1.74,21/02/2021
Onions,Grocers Int.,131,0.62,191,1.02,09/01/2021
Oranges,Natural Best,122,0.88,76,1.43,22/02/2021
Peas,Natural Best,123,1.42,1,2.44,13/01/2021
Oranges,Farm Direct,94,1.1,138,1.84,02/01/2021
Onions,Grocers Int.,116,1.1,159,1.69,07/02/2021
Cabbages,Farm Direct,195,1.1,74,1.8,03/02/2021
Celery,Natural Best,156,1.19,87,1.83,17/03/2021
Celery,Nature Food,183,0.48,36,0.78,03/02/2021
Limes,Nature Food,187,0.88,99,1.48,20/01/2021
Cauliflower,Farm Direct,188,1.42,148,2.22,26/03/2021
Peas,Farm Direct,68,1,6,1.55,09/02/2021
Onions,Nature Food,116,1.42,122,2.29,29/01/2021
Melons,Grocers Int.,111,0.83,176,1.33,31/03/2021
Carrots,Grocers Int.,81,0.83,25,1.44,25/03/2021
Lettuce,Farm Direct,172,1.12,21,1.68,04/02/2021
Carrots,Natural Best,109,0.48,191,0.74,23/01/2021
Carrots,Nature Food,164,0.48,162,0.79,15/01/2021
Melons,Clean Living,138,1.1,144,1.91,05/02/2021
Limes,Natural Best,154,1.12,7,1.86,28/01/2021
Melons,Nature Food,181,0.88,59,1.52,24/01/2021
Broccoli,Farm Direct,200,0.48,182,0.8,23/01/2021
Limes,Nature Food,91,0.62,179,0.97,06/03/2021
Asparagus,Natural Best,167,0.88,2,1.43,13/03/2021
Carrots,Natural Best,129,0.88,26,1.36,05/02/2021
Potatoes,Grocers Int.,198,1.1,139,1.75,14/03/2021
Peas,Clean Living,144,1.19,45,1.82,11/02/2021
Melons,Natural Best,148,0.48,94,0.81,04/03/2021
Lettuce,Grocers Int.,67,1,154,1.62,15/02/2021
Cabbages,Farm Direct,56,1.42,47,2.2,21/02/2021
Asparagus,Farm Direct,113,1.1,10,1.72,03/03/2021
Asparagus,Farm Direct,99,1,197,1.68,10/01/2021
Broccoli,Clean Living,108,1.19,31,2.02,12/02/2021
Melons,Nature Food,116,1.42,51,2.26,03/03/2021
Apples,Natural Best,135,1.12,158,1.96,11/01/2021
Potatoes,Natural Best,147,1.12,142,1.95,16/01/2021
Onions,Farm Direct,134,1.19,31,2.01,31/01/2021
Apples,Farm Direct,198,0.88,50,1.48,14/02/2021
Asparagus,Grocers Int.,143,1,50,1.72,27/02/2021
Carrots,Farm Direct,61,1,28,1.61,30/03/2021
Broccoli,Nature Food,139,1.19,71,1.99,15/01/2021
Peas,Farm Direct,140,1.19,32,1.8,29/01/2021
Peas,Farm Direct,153,1.42,138,2.44,11/01/2021
Potatoes,Farm Direct,162,1.19,57,1.95,13/03/2021
Limes,Clean Living,180,0.62,45,1.04,08/01/2021
Celery,Grocers Int.,133,0.48,72,0.79,20/01/2021
Pears,Nature Food,177,1.42,116,2.23,23/02/2021
Apples,Natural Best,112,0.88,129,1.43,15/01/2021
Celery,Grocers Int.,123,1.42,73,2.36,24/02/2021
Lemons,Clean Living,184,0.48,101,0.74,15/02/2021
Onions,Grocers Int.,65,0.62,168,1.02,05/03/2021
Potatoes,Farm Direct,168,0.88,98,1.44,25/01/2021
Carrots,Farm Direct,165,1,163,1.55,17/02/2021
Potatoes,Clean Living,182,0.88,54,1.46,27/03/2021
Limes,Farm Direct,91,0.62,186,1,25/03/2021
Celery,Farm Direct,180,1.1,3,1.66,27/01/2021
Lettuce,Grocers Int.,82,1,56,1.66,12/02/2021
Lettuce,Nature Food,177,1.1,69,1.79,15/01/2021
Peas,Clean Living,71,1.1,188,1.66,09/03/2021
Onions,Nature Food,85,0.83,108,1.43,29/01/2021
Lemons,Natural Best,76,0.88,127,1.42,02/01/2021
Carrots,Clean Living,99,0.88,58,1.4,19/01/2021
Lemons,Farm Direct,89,1.12,185,1.69,12/03/2021
Cabbages,Nature Food,171,0.62,31,0.98,17/02/2021
Peas,Grocers Int.,160,1.19,135,1.98,26/03/2021
Oranges,Clean Living,77,1,25,1.72,27/01/2021
Carrots,Grocers Int.,155,1,79,1.68,10/02/2021
Cauliflower,Nature Food,115,0.83,196,1.43,23/01/2021
Limes,Clean Living,149,0.48,133,0.76,14/01/2021
Carrots,Farm Direct,121,0.83,195,1.39,14/03/2021
Carrots,Natural Best,125,1.42,154,2.37,06/01/2021
Oranges,Natural Best,163,0.62,174,1.06,22/02/2021
Potatoes,Grocers Int.,57,1.42,108,2.4,23/02/2021
Apples,Clean Living,69,0.83,174,1.29,20/02/2021
Oranges,Natural Best,62,1.1,60,1.68,18/03/2021
Limes,Nature Food,81,1.19,94,2.07,11/02/2021
Melons,Farm Direct,200,0.62,63,0.95,28/03/2021
Limes,Natural Best,96,1.42,125,2.48,27/01/2021
Limes,Farm Direct,162,0.48,72,0.74,12/02/2021
Melons,Grocers Int.,136,1.42,188,2.22,09/03/2021
Lettuce,Nature Food,181,0.62,9,1.07,25/01/2021
Onions,Natural Best,132,1.12,144,1.71,04/01/2021
Asparagus,Natural Best,187,1.1,65,1.75,16/03/2021
Broccoli,Nature Food,180,0.48,171,0.84,18/03/2021
Melons,Natural Best,104,1.1,23,1.66,08/01/2021
Lettuce,Nature Food,165,1.19,199,2.03,12/01/2021
Onions,Nature Food,160,1.1,186,1.76,04/03/2021
Onions,Nature Food,103,1.12,151,1.77,01/03/2021
Apples,Farm Direct,105,1.12,174,1.75,04/03/2021
Lettuce,Natural Best,118,1.1,145,1.76,25/03/2021
Carrots,Farm Direct,112,1,45,1.61,11/03/2021
Carrots,Farm Direct,150,1.42,147,2.22,20/03/2021
Oranges,Nature Food,157,1,30,1.54,17/01/2021
Lettuce,Natural Best,63,1.12,53,1.92,10/01/2021
Cauliflower,Natural Best,75,1.12,170,1.84,24/02/2021
Broccoli,Natural Best,195,1.1,70,1.71,14/03/2021
Lemons,Farm Direct,176,1.12,61,1.79,14/03/2021
Pears,Grocers Int.,90,0.83,93,1.41,11/03/2021
Melons,Natural Best,123,1.42,184,2.3,12/02/2021
Pears,Farm Direct,78,1.42,57,2.23,23/01/2021
Lettuce,Grocers Int.,149,0.83,34,1.34,01/01/2021
Limes,Clean Living,164,0.48,40,0.81,06/01/2021
Potatoes,Farm Direct,158,1.12,76,1.78,24/01/2021
Peas,Nature Food,83,1.1,77,1.91,23/03/2021
Limes,Nature Food,52,1.19,15,1.9,26/02/2021
Pears,Clean Living,67,1.42,46,2.31,06/03/2021
Apples,Farm Direct,122,1.1,177,1.89,27/02/2021
Lemons,Nature Food,128,0.83,93,1.29,24/01/2021
Pears,Nature Food,123,0.62,15,1.02,02/02/2021
Onions,Grocers Int.,97,1.19,185,2.01,19/02/2021
Lemons,Natural Best,56,1,174,1.5,28/02/2021
Cauliflower,Farm Direct,120,1,74,1.62,08/02/2021
Potatoes,Farm Direct,163,1,28,1.58,28/03/2021
Asparagus,Farm Direct,134,1.42,163,2.37,09/02/2021
Oranges,Clean Living,98,1.1,52,1.69,01/01/2021
Asparagus,Nature Food,172,1.19,147,2.01,30/03/2021
Oranges,Farm Direct,53,0.48,167,0.77,16/03/2021
Potatoes,Nature Food,57,1.1,56,1.81,12/03/2021
Onions,Grocers Int.,147,1.19,17,1.99,18/02/2021
Potatoes,Farm Direct,86,1.42,115,2.44,17/03/2021
Pears,Clean Living,194,0.48,91,0.78,06/02/2021
Celery,Farm Direct,190,1.19,144,2.03,23/01/2021
Lemons,Clean Living,192,0.48,112,0.75,11/02/2021
Lemons,Grocers Int.,123,0.48,171,0.76,31/01/2021
Peas,Natural Best,80,1.19,170,1.78,08/01/2021
Lemons,Natural Best,73,0.62,116,1.07,12/01/2021
Melons,Natural Best,80,0.83,54,1.32,04/03/2021
Oranges,Natural Best,197,0.62,133,0.95,19/03/2021
Melons,Farm Direct,106,1.1,192,1.84,17/03/2021
Lettuce,Natural Best,179,1.12,93,1.7,16/03/2021
Cabbages,Natural Best,51,0.88,196,1.45,25/02/2021
Cabbages,Natural Best,128,0.62,122,0.99,17/02/2021
Limes,Clean Living,108,0.48,73,0.81,02/02/2021
Lettuce,Grocers Int.,76,0.83,150,1.39,24/01/2021
Pears,Clean Living,100,1.42,22,2.14,23/02/2021
Cabbages,Grocers Int.,57,0.88,36,1.54,20/03/2021
Pears,Nature Food,99,1.1,40,1.81,06/01/2021
Lettuce,Nature Food,87,1.42,96,2.17,18/03/2021
Asparagus,Clean Living,66,0.62,3,0.94,20/02/2021
Peas,Nature Food,129,0.62,105,1.03,28/01/2021
Limes,Clean Living,52,1.19,35,1.84,27/03/2021
Onions,Farm Direct,164,1.1,18,1.67,13/03/2021
Peas,Farm Direct,112,0.88,117,1.35,25/01/2021
Lemons,Natural Best,151,1,75,1.61,23/02/2021
Asparagus,Natural Best,194,0.88,8,1.32,21/01/2021
Carrots,Natural Best,119,1.19,139,1.9,25/03/2021
Apples,Nature Food,96,1.42,124,2.13,06/01/2021
Limes,Nature Food,175,1.12,65,1.78,10/01/2021
Lemons,Nature Food,95,1.42,20,2.43,22/01/2021
Pears,Farm Direct,164,1.12,192,1.79,22/01/2021
Asparagus,Natural Best,147,1.1,80,1.66,09/02/2021
Oranges,Nature Food,71,1.12,81,1.86,20/02/2021
Cabbages,Grocers Int.,193,0.83,139,1.3,05/03/2021
Cauliflower,Clean Living,74,0.83,11,1.32,22/03/2021
Pears,Clean Living,83,0.48,197,0.76,17/03/2021
Apples,Farm Direct,173,0.83,173,1.36,22/01/2021
Cabbages,Natural Best,90,1.19,101,2.06,17/02/2021
Apples,Farm Direct,158,0.62,164,1.08,28/01/2021
Cauliflower,Clean Living,82,1.12,175,1.71,09/01/2021
Carrots,Clean Living,156,1.12,43,1.81,03/01/2021
Oranges,Grocers Int.,92,1.12,118,1.92,24/02/2021
Lemons,Grocers Int.,195,1.1,140,1.71,09/02/2021
Broccoli,Natural Best,119,0.48,113,0.74,14/01/2021
Melons,Grocers Int.,79,0.83,120,1.32,30/03/2021
Apples,Clean Living,175,0.83,123,1.28,21/01/2021
Carrots,Clean Living,169,1.19,171,1.81,10/02/2021
Melons,Clean Living,187,1.19,94,2.06,17/03/2021
Potatoes,Clean Living,193,1.19,100,1.78,27/02/2021
Peas,Farm Direct,97,1.42,73,2.24,02/02/2021
Asparagus,Natural Best,70,1.12,183,1.74,28/02/2021
Limes,Nature Food,86,1,43,1.55,01/01/2021
Cauliflower,Nature Food,132,1.19,90,1.78,19/01/2021
Potatoes,Clean Living,117,0.83,18,1.28,20/03/2021
Pears,Clean Living,107,0.62,181,0.94,17/01/2021
Broccoli,Clean Living,165,0.48,146,0.84,17/01/2021
Cabbages,Natural Best,148,1.19,79,1.98,23/02/2021
Pears,Clean Living,64,1.12,69,1.7,20/02/2021
Pears,Clean Living,166,0.83,184,1.37,21/01/2021
Carrots,Natural Best,81,1.12,134,1.94,30/03/2021
Peas,Clean Living,151,1,130,1.67,07/01/2021
Carrots,Grocers Int.,168,0.62,34,0.94,25/02/2021
Celery,Clean Living,119,0.48,3,0.74,19/03/2021
Lettuce,Natural Best,97,1.42,190,2.44,23/02/2021
Pears,Clean Living,109,0.62,164,0.94,15/02/2021
Carrots,Farm Direct,126,0.48,69,0.8,18/02/2021
Cauliflower,Farm Direct,58,0.62,106,1.07,20/02/2021
Peas,Nature Food,152,0.83,90,1.34,20/02/2021
Oranges,Clean Living,159,1.42,64,2.37,10/03/2021
Oranges,Grocers Int.,62,1.1,126,1.85,21/03/2021
Onions,Clean Living,145,1.12,184,1.72,09/02/2021
Apples,Clean Living,164,1.1,108,1.72,27/01/2021
Melons,Nature Food,128,1.19,144,1.84,26/01/2021
Cabbages,Clean Living,129,1.19,66,1.81,14/03/2021
Cauliflower,Nature Food,61,0.62,152,1.04,09/03/2021
Cabbages,Natural Best,189,1.12,111,1.86,23/03/2021
Peas,Farm Direct,56,1.1,25,1.72,22/01/2021
Carrots,Nature Food,118,1.42,191,2.19,27/03/2021
Onions,Farm Direct,69,1.42,26,2.2,26/01/2021
Potatoes,Natural Best,87,0.48,189,0.76,23/03/2021
Onions,Farm Direct,105,1,11,1.51,09/01/2021
Cabbages,Natural Best,177,1.19,83,2.02,01/01/2021
Broccoli,Farm Direct,165,1.1,164,1.77,10/02/2021
Cauliflower,Nature Food,63,1,198,1.62,08/03/2021
Oranges,Farm Direct,186,0.83,50,1.37,06/01/2021
Broccoli,Farm Direct,69,1.12,191,1.95,15/02/2021
Carrots,Clean Living,116,1.42,191,2.46,28/03/2021
Limes,Natural Best,58,1.19,122,2.07,10/03/2021
Potatoes,Farm Direct,136,0.83,142,1.41,06/02/2021
Asparagus,Clean Living,165,0.88,114,1.43,17/02/2021
Asparagus,Natural Best,141,1.1,152,1.89,28/02/2021
Asparagus,Natural Best,156,1.1,171,1.93,01/01/2021
Potatoes,Farm Direct,173,0.62,39,0.99,03/01/2021
Lettuce,Natural Best,98,1.1,32,1.84,08/03/2021
Broccoli,Nature Food,162,1,101,1.51,20/03/2021
Celery,Farm Direct,184,0.88,82,1.54,15/01/2021
Lettuce,Nature Food,155,1.12,173,1.74,31/01/2021
Limes,Nature Food,147,1.1,28,1.87,21/03/2021
Apples,Farm Direct,95,1,152,1.51,18/02/2021
Apples,Nature Food,59,0.83,162,1.35,01/02/2021
Carrots,Farm Direct,157,1.19,132,2.07,08/02/2021
Carrots,Nature Food,115,1.1,40,1.88,18/03/2021
Cauliflower,Clean Living,109,1.19,13,1.93,11/01/2021
Asparagus,Grocers Int.,129,1.12,47,1.79,21/03/2021
Oranges,Farm Direct,182,1.12,33,1.72,28/03/2021
Melons,Farm Direct,114,0.62,44,1.07,29/01/2021
Cabbages,Natural Best,102,0.83,187,1.44,22/03/2021
Onions,Grocers Int.,58,0.83,49,1.38,15/03/2021
Oranges,Grocers Int.,123,0.62,26,1.08,17/02/2021
Potatoes,Nature Food,58,1.1,181,1.93,17/01/2021
Pears,Grocers Int.,149,1.19,126,1.84,13/01/2021
Broccoli,Grocers Int.,134,0.48,82,0.82,16/02/2021
Cauliflower,Farm Direct,73,0.88,75,1.5,12/03/2021
Lettuce,Farm Direct,79,1.19,70,2.06,23/01/2021
Cauliflower,Nature Food,92,1.1,188,1.69,15/02/2021
Cauliflower,Natural Best,146,0.83,99,1.37,20/02/2021
Pears,Natural Best,110,1.12,161,1.74,15/02/2021
Melons,Grocers Int.,168,1.1,15,1.91,19/02/2021
Celery,Clean Living,130,0.83,143,1.39,10/01/2021
Lettuce,Clean Living,178,1.1,81,1.93,06/01/2021
Potatoes,Farm Direct,126,1.42,125,2.27,28/02/2021
Limes,Clean Living,70,1.19,112,1.94,17/02/2021
Lettuce,Clean Living,189,0.83,79,1.44,21/03/2021
Cabbages,Natural Best,109,0.62,145,1.04,09/02/2021
Melons,Clean Living,143,0.88,105,1.39,31/01/2021
Lettuce,Nature Food,166,1.19,184,1.83,29/03/2021
Lettuce,Grocers Int.,146,1,182,1.62,04/01/2021
Melons,Farm Direct,105,0.83,140,1.34,04/03/2021
Oranges,Nature Food,199,1.1,151,1.84,30/01/2021
Cabbages,Nature Food,108,0.83,185,1.36,17/01/2021
Peas,Clean Living,200,0.48,69,0.8,18/02/2021
Celery,Farm Direct,121,1.42,11,2.33,20/01/2021
Peas,Farm Direct,131,0.48,25,0.83,14/03/2021
Lemons,Natural Best,57,1.19,23,1.88,24/02/2021
Cabbages,Nature Food,108,1.19,173,2.08,03/03/2021
Lemons,Grocers Int.,69,0.62,22,0.94,23/01/2021
Pears,Nature Food,152,1.42,91,2.36,24/02/2021
Limes,Clean Living,123,0.88,12,1.41,24/03/2021
Lemons,Natural Best,178,1,118,1.55,09/01/2021
Cabbages,Nature Food,144,0.83,154,1.39,07/02/2021
Broccoli,Farm Direct,84,0.88,66,1.36,08/03/2021
Limes,Clean Living,84,1.12,5,1.8,10/01/2021
Apples,Clean Living,70,1.42,187,2.3,07/01/2021
Lettuce,Natural Best,158,0.88,86,1.42,27/02/2021
Peas,Farm Direct,183,1.42,95,2.13,11/02/2021
Melons,Grocers Int.,189,1.1,112,1.9,28/01/2021
Potatoes,Clean Living,81,1.42,136,2.33,16/03/2021
Lettuce,Clean Living,58,1.1,44,1.91,31/01/2021
Oranges,Clean Living,99,1.1,128,1.81,21/01/2021
Broccoli,Grocers Int.,117,1,188,1.61,16/01/2021
Pears,Natural Best,143,0.48,132,0.82,09/02/2021
Cabbages,Grocers Int.,86,0.83,185,1.37,13/01/2021
Cabbages,Nature Food,193,0.62,120,0.99,06/01/2021
Cauliflower,Nature Food,69,0.62,49,1.08,11/02/2021
Oranges,Clean Living,70,1,69,1.53,18/02/2021
Carrots,Natural Best,107,1.1,181,1.91,04/01/2021
Pears,Nature Food,162,1.1,22,1.67,04/03/2021
Cabbages,Grocers Int.,133,0.88,113,1.38,28/02/2021
Peas,Clean Living,142,0.62,137,1.02,25/01/2021
Potatoes,Nature Food,130,0.62,102,1.08,02/01/2021
Lemons,Grocers Int.,71,0.62,78,1.04,05/01/2021
Oranges,Grocers Int.,165,1.12,33,1.85,26/02/2021
Celery,Natural Best,182,0.62,170,1.06,05/01/2021
Oranges,Natural Best,153,1.12,3,1.76,16/03/2021
Lemons,Grocers Int.,77,1,10,1.57,19/01/2021
Carrots,Nature Food,95,1,105,1.69,25/02/2021
Potatoes,Natural Best,156,1.42,143,2.23,10/01/2021
Cabbages,Natural Best,65,0.48,180,0.77,07/01/2021
Onions,Natural Best,122,0.83,136,1.43,14/01/2021
Cabbages,Natural Best,105,1,46,1.61,23/01/2021
Lemons,Farm Direct,169,0.48,151,0.77,27/02/2021
Cauliflower,Clean Living,194,0.62,133,1.08,05/01/2021
Limes,Clean Living,166,0.62,67,1.05,30/03/2021
Cauliflower,Nature Food,141,0.83,144,1.38,12/02/2021
Potatoes,Nature Food,196,0.48,175,0.76,06/02/2021
Broccoli,Grocers Int.,60,1.12,92,1.9,03/01/2021
Broccoli,Nature Food,118,1.19,9,1.87,30/01/2021
Celery,Natural Best,179,0.48,58,0.84,29/03/2021
Asparagus,Clean Living,170,1,56,1.53,21/02/2021
Carrots,Farm Direct,77,0.83,24,1.29,28/02/2021
Potatoes,Farm Direct,92,1,17,1.58,16/03/2021
Potatoes,Farm Direct,98,1.42,56,2.2,09/01/2021
Cabbages,Nature Food,185,1.42,89,2.37,28/02/2021
Cabbages,Farm Direct,176,0.88,88,1.51,17/01/2021
Onions,Farm Direct,184,1.19,66,1.89,06/02/2021
Celery,Nature Food,83,1.1,198,1.91,26/02/2021
Carrots,Farm Direct,130,0.62,39,1.02,27/01/2021
Apples,Farm Direct,176,1.1,1,1.8,19/01/2021
Broccoli,Farm Direct,73,1.42,195,2.29,09/03/2021
Lemons,Grocers Int.,86,1,90,1.62,15/02/2021
Limes,Nature Food,51,0.88,123,1.33,01/03/2021
Limes,Clean Living,96,1.19,129,1.86,18/03/2021
Asparagus,Farm Direct,158,1.12,175,1.96,03/02/2021
Oranges,Natural Best,119,1,158,1.56,05/01/2021
Cabbages,Grocers Int.,69,0.83,110,1.44,12/01/2021
Potatoes,Clean Living,187,1.12,166,1.86,14/03/2021
Oranges,Natural Best,122,1.12,175,1.86,21/02/2021
Peas,Grocers Int.,86,0.62,187,1.08,23/01/2021
Limes,Clean Living,158,0.83,144,1.38,14/03/2021
Melons,Natural Best,78,1.19,46,1.86,29/01/2021
Oranges,Farm Direct,184,0.62,81,1.03,09/02/2021
Onions,Grocers Int.,157,1.19,178,1.8,14/02/2021
Potatoes,Nature Food,119,0.48,14,0.72,18/01/2021
Oranges,Clean Living,144,0.88,200,1.54,12/01/2021
Celery,Farm Direct,92,0.88,149,1.33,11/03/2021
Carrots,Farm Direct,110,1.12,65,1.85,08/02/2021
Apples,Nature Food,184,1.42,152,2.29,09/03/2021
Potatoes,Grocers Int.,94,1.42,157,2.14,10/03/2021
Onions,Nature Food,94,0.88,191,1.43,08/02/2021
Broccoli,Clean Living,75,0.83,156,1.25,14/03/2021
Asparagus,Grocers Int.,148,1.12,9,1.85,14/01/2021
Carrots,Farm Direct,178,1.12,109,1.78,07/01/2021
Carrots,Nature Food,170,0.88,34,1.49,05/03/2021
Asparagus,Natural Best,97,0.83,148,1.45,22/01/2021
Melons,Grocers Int.,51,1,112,1.66,08/02/2021
Carrots,Nature Food,118,0.48,140,0.83,05/02/2021
Apples,Natural Best,152,1,167,1.54,03/01/2021
Peas,Clean Living,63,0.48,139,0.84,25/02/2021
Pears,Natural Best,61,0.48,71,0.8,06/03/2021
Celery,Grocers Int.,109,0.88,140,1.42,13/02/2021
Broccoli,Natural Best,102,1.1,114,1.76,06/02/2021
Cauliflower,Grocers Int.,113,1.1,125,1.86,12/02/2021
Cauliflower,Clean Living,61,0.83,138,1.31,21/01/2021
Cauliflower,Nature Food,106,1.42,88,2.16,09/03/2021
Celery,Clean Living,105,1.42,178,2.41,24/02/2021
Broccoli,Natural Best,163,1.1,134,1.73,02/01/2021
Oranges,Nature Food,130,1,30,1.75,26/03/2021
Asparagus,Grocers Int.,81,0.48,33,0.74,30/03/2021
Melons,Grocers Int.,166,0.88,119,1.42,01/03/2021
Potatoes,Clean Living,106,0.88,118,1.34,02/01/2021
Melons,Farm Direct,172,1.42,79,2.37,15/01/2021
Cauliflower,Farm Direct,199,1.42,178,2.22,19/01/2021
Carrots,Natural Best,89,1.12,143,1.72,28/01/2021
Lettuce,Nature Food,79,0.88,174,1.52,06/01/2021
Cauliflower,Nature Food,171,0.83,16,1.44,02/02/2021
Potatoes,Nature Food,65,0.48,16,0.79,29/01/2021
Celery,Natural Best,55,0.88,176,1.54,05/03/2021
Oranges,Natural Best,141,1.42,69,2.23,21/03/2021
Potatoes,Grocers Int.,99,0.48,156,0.79,26/01/2021
Carrots,Natural Best,189,1,101,1.56,19/02/2021
Peas,Farm Direct,61,1.12,198,1.9,20/01/2021
Onions,Grocers Int.,177,0.88,59,1.35,11/01/2021
Pears,Farm Direct,69,0.62,186,1.08,23/03/2021
Cabbages,Grocers Int.,66,0.83,30,1.27,18/03/2021
Asparagus,Farm Direct,168,0.48,157,0.76,16/02/2021
Apples,Nature Food,122,0.62,78,0.94,04/03/2021
Lettuce,Nature Food,195,1.12,196,1.76,30/01/2021
Broccoli,Clean Living,128,0.48,66,0.81,12/03/2021
Oranges,Farm Direct,62,0.62,48,0.97,23/02/2021
Cauliflower,Natural Best,149,0.83,21,1.39,25/03/2021
Potatoes,Clean Living,161,0.83,53,1.4,12/01/2021
Asparagus,Natural Best,133,1.19,63,2.06,04/02/2021
Oranges,Natural Best,140,1.12,75,1.88,20/01/2021
Lettuce,Nature Food,70,1.1,38,1.75,15/03/2021
Melons,Clean Living,200,0.62,140,1,25/02/2021
Peas,Nature Food,68,1.42,24,2.2,24/02/2021
Lemons,Farm Direct,53,1,103,1.66,27/02/2021
Lettuce,Clean Living,141,1.1,1,1.89,10/01/2021
Lemons,Grocers Int.,182,0.62,83,0.95,22/03/2021
Broccoli,Nature Food,97,1.1,108,1.83,12/02/2021
Apples,Nature Food,62,1.12,94,1.9,08/03/2021
Apples,Clean Living,52,1.42,95,2.37,17/01/2021
Broccoli,Nature Food,106,0.83,169,1.38,05/01/2021
Oranges,Clean Living,87,0.48,105,0.83,06/01/2021
Melons,Clean Living,82,1.12,105,1.86,08/02/2021
Carrots,Grocers Int.,192,0.48,186,0.78,04/02/2021
Apples,Grocers Int.,188,1.1,74,1.69,18/01/2021
Peas,Grocers Int.,80,0.48,157,0.84,22/03/2021
Asparagus,Grocers Int.,103,1,38,1.54,05/02/2021
Onions,Natural Best,112,0.48,67,0.77,27/02/2021
Apples,Natural Best,76,1.19,96,1.94,30/03/2021
Potatoes,Natural Best,97,1.12,89,1.87,20/01/2021
Carrots,Natural Best,103,1.42,176,2.37,26/02/2021
Limes,Nature Food,199,1.42,40,2.48,17/02/2021
Cabbages,Clean Living,189,0.88,105,1.42,19/03/2021
Pears,Nature Food,74,0.62,87,1.05,05/03/2021
Celery,Natural Best,114,1.1,53,1.86,19/01/2021
Limes,Farm Direct,148,0.62,62,0.93,04/02/2021
Onions,Grocers Int.,65,0.88,189,1.48,25/01/2021
Lettuce,Clean Living,155,0.48,89,0.73,07/01/2021
Lemons,Farm Direct,54,0.62,72,0.94,14/01/2021
Cauliflower,Clean Living,157,1.19,28,1.9,17/01/2021
Peas,Natural Best,115,1.19,187,1.81,09/01/2021
Carrots,Grocers Int.,131,0.62,139,0.96,15/02/2021
Cabbages,Clean Living,194,1.1,181,1.91,05/03/2021
Lettuce,Grocers Int.,64,1.42,95,2.47,18/03/2021
Peas,Nature Food,75,1.19,139,1.86,22/02/2021
Onions,Clean Living,95,1.1,195,1.9,09/03/2021
Lemons,Natural Best,50,0.48,149,0.77,26/02/2021
Peas,Grocers Int.,141,0.88,120,1.43,21/01/2021
Oranges,Farm Direct,152,1.19,169,1.81,03/01/2021
Pears,Nature Food,148,0.48,160,0.77,19/03/2021
Pears,Nature Food,135,0.48,91,0.81,22/03/2021
Onions,Natural Best,143,1.19,60,1.78,19/03/2021
Peas,Natural Best,173,1.19,39,1.99,31/01/2021
Onions,Natural Best,81,1.42,173,2.3,26/03/2021
Broccoli,Grocers Int.,127,0.83,188,1.43,14/02/2021
Lettuce,Nature Food,89,0.48,167,0.83,14/02/2021
Melons,Clean Living,90,1.42,74,2.2,10/02/2021
Cabbages,Farm Direct,90,0.62,124,0.99,28/02/2021
Apples,Farm Direct,104,1.19,164,1.8,02/03/2021
Cauliflower,Clean Living,68,0.62,101,1.07,11/02/2021
Oranges,Clean Living,82,0.48,104,0.8,17/03/2021
Broccoli,Nature Food,91,0.48,170,0.75,20/03/2021
Carrots,Clean Living,191,1.12,48,1.75,01/03/2021
Pears,Natural Best,90,0.48,161,0.74,16/01/2021
Cabbages,Nature Food,104,1,193,1.53,07/03/2021
Broccoli,Farm Direct,59,0.83,128,1.29,20/03/2021
Melons,Nature Food,58,1.12,29,1.69,05/03/2021
Limes,Grocers Int.,155,1.19,77,1.84,24/02/2021
Onions,Grocers Int.,194,1.1,186,1.9,22/03/2021
Oranges,Nature Food,76,0.48,119,0.72,17/02/2021
Melons,Farm Direct,74,1.42,9,2.17,17/01/2021
Onions,Nature Food,178,1.12,196,1.68,20/03/2021
Apples,Natural Best,65,1.12,159,1.88,24/01/2021
Potatoes,Natural Best,119,0.48,109,0.74,19/03/2021
Broccoli,Nature Food,115,0.62,163,0.95,08/01/2021
Celery,Farm Direct,146,1,199,1.63,01/03/2021
Oranges,Clean Living,116,0.83,25,1.26,14/01/2021
Peas,Grocers Int.,89,0.62,192,0.94,11/01/2021
Broccoli,Farm Direct,77,1.19,124,2.02,13/03/2021
Oranges,Nature Food,163,0.62,5,1,25/01/2021
Cabbages,Clean Living,90,0.88,147,1.46,17/01/2021
Limes,Clean Living,80,0.62,173,1.02,02/02/2021
Carrots,Natural Best,101,0.62,13,1.03,01/03/2021
Lettuce,Natural Best,92,1.1,92,1.77,13/01/2021
Potatoes,Grocers Int.,184,0.62,181,1.08,27/02/2021
Carrots,Clean Living,154,0.48,188,0.74,01/01/2021
Cabbages,Grocers Int.,177,1,72,1.73,24/03/2021
Peas,Clean Living,135,1,166,1.56,17/03/2021
Carrots,Natural Best,152,0.62,145,1.08,24/03/2021
Asparagus,Nature Food,75,1.42,92,2.31,12/03/2021
Pears,Grocers Int.,166,0.83,99,1.41,21/01/2021
Lettuce,Farm Direct,53,1.12,145,1.75,05/02/2021
Celery,Clean Living,73,0.48,146,0.78,22/02/2021
Lemons,Nature Food,93,0.62,137,1.02,28/03/2021
Lettuce,Nature Food,141,0.62,92,1.07,14/02/2021
Melons,Grocers Int.,183,1,50,1.63,23/02/2021
Broccoli,Clean Living,168,0.62,48,0.94,14/01/2021
Apples,Nature Food,116,1.12,72,1.71,02/03/2021
Celery,Natural Best,54,0.48,118,0.83,28/01/2021
Melons,Farm Direct,116,0.62,110,1.07,13/03/2021
Broccoli,Nature Food,124,0.88,119,1.36,10/03/2021
Lemons,Grocers Int.,145,1.1,112,1.93,26/03/2021
Lemons,Clean Living,185,1.42,126,2.34,22/03/2021
Apples,Nature Food,190,0.48,99,0.84,04/03/2021
Limes,Grocers Int.,195,1.42,159,2.4,17/03/2021
Peas,Natural Best,88,0.62,42,1.06,14/03/2021
Carrots,Clean Living,188,0.88,177,1.39,20/03/2021
Lettuce,Grocers Int.,83,1.19,55,1.84,09/01/2021
Melons,Nature Food,72,1.19,70,2,21/02/2021
Carrots,Natural Best,106,1.1,83,1.83,18/03/2021
Potatoes,Farm Direct,117,1.19,136,2.01,14/01/2021
Oranges,Natural Best,76,0.83,61,1.25,29/01/2021
Celery,Natural Best,183,1.12,194,1.83,22/03/2021
Melons,Natural Best,196,0.83,120,1.43,14/01/2021
Limes,Natural Best,66,1.1,135,1.8,14/03/2021
Broccoli,Grocers Int.,111,1.1,177,1.77,13/01/2021
Melons,Nature Food,129,1,150,1.74,07/03/2021
Peas,Natural Best,179,1.12,174,1.89,21/03/2021
Broccoli,Farm Direct,92,0.88,152,1.35,26/01/2021
Cauliflower,Clean Living,108,1.12,119,1.93,01/02/2021
Lemons,Natural Best,179,1.1,71,1.68,31/01/2021
Cauliflower,Natural Best,124,1,26,1.7,07/01/2021
Cauliflower,Nature Food,113,1.12,62,1.77,11/03/2021
Cauliflower,Clean Living,139,0.83,130,1.32,09/01/2021
Limes,Clean Living,192,0.88,48,1.52,02/01/2021
Pears,Grocers Int.,191,1.12,20,1.92,17/01/2021
Asparagus,Grocers Int.,197,0.62,120,1.04,25/02/2021
Celery,Nature Food,177,1,170,1.62,16/03/2021
Pears,Nature Food,168,1.1,67,1.71,10/03/2021
Lemons,Farm Direct,192,1.19,4,2.01,19/02/2021
Cauliflower,Clean Living,133,1.1,16,1.72,21/01/2021
Lemons,Clean Living,102,1.19,195,1.96,16/02/2021
Lettuce,Grocers Int.,111,0.62,180,1.04,10/01/2021
Apples,Clean Living,150,1.19,18,2.05,15/03/2021
Cauliflower,Nature Food,194,1.1,112,1.69,23/02/2021
Celery,Nature Food,119,1.19,48,1.81,01/03/2021
Asparagus,Natural Best,72,0.88,116,1.54,20/02/2021
Onions,Clean Living,75,0.83,152,1.32,21/02/2021
Cauliflower,Nature Food,116,1,148,1.68,05/03/2021
Cabbages,Natural Best,142,1.1,160,1.81,09/01/2021
Melons,Natural Best,181,1,176,1.71,05/03/2021
Broccoli,Clean Living,162,0.83,158,1.39,08/03/2021
Lettuce,Clean Living,52,1.1,147,1.81,05/01/2021
Peas,Natural Best,185,1.19,190,1.81,30/03/2021
Cabbages,Farm Direct,168,0.88,40,1.48,24/02/2021
Lettuce,Clean Living,146,0.62,152,0.93,01/03/2021
Apples,Clean Living,187,0.62,195,1.02,20/03/2021
Apples,Natural Best,87,0.88,3,1.32,14/01/2021
Onions,Grocers Int.,143,1.19,30,2,04/03/2021
Lemons,Clean Living,79,1.42,159,2.31,23/01/2021
Potatoes,Natural Best,141,1.42,148,2.37,23/02/2021
Broccoli,Nature Food,72,1.1,154,1.74,17/03/2021
Onions,Nature Food,187,0.88,135,1.4,01/03/2021
Cauliflower,Nature Food,169,1.19,110,1.84,19/01/2021
Onions,Clean Living,119,0.83,27,1.24,16/02/2021
Onions,Grocers Int.,172,0.88,73,1.43,18/01/2021
Lemons,Nature Food,116,1,67,1.72,24/03/2021
Lemons,Nature Food,110,1,12,1.73,27/02/2021
Carrots,Farm Direct,185,0.83,150,1.3,06/02/2021
Melons,Clean Living,56,0.83,96,1.35,06/03/2021
Cauliflower,Farm Direct,112,0.88,54,1.51,02/01/2021
Pears,Farm Direct,197,0.62,109,0.97,19/02/2021
Apples,Clean Living,94,0.83,85,1.29,17/02/2021
Melons,Grocers Int.,55,1,120,1.69,03/01/2021
Carrots,Farm Direct,87,1.19,18,1.99,15/03/2021
Cauliflower,Nature Food,194,0.62,167,1.04,22/01/2021
Melons,Natural Best,187,0.48,68,0.79,30/03/2021
Celery,Natural Best,59,0.48,50,0.75,22/01/2021
Apples,Farm Direct,106,0.88,120,1.54,21/03/2021
Lettuce,Nature Food,54,1.1,83,1.76,07/03/2021
Oranges,Grocers Int.,57,0.88,72,1.5,04/02/2021
Celery,Nature Food,112,1.19,172,1.8,29/01/2021
Celery,Clean Living,156,1,135,1.63,14/02/2021
Limes,Clean Living,149,1,87,1.71,21/02/2021
Cauliflower,Farm Direct,200,0.62,170,1.07,11/03/2021
Limes,Grocers Int.,155,1.12,114,1.68,08/01/2021
Melons,Clean Living,111,0.88,188,1.5,15/01/2021
Pears,Clean Living,80,0.88,133,1.32,24/01/2021
Cabbages,Farm Direct,98,0.48,118,0.8,08/01/2021
Pears,Nature Food,77,1.42,153,2.3,03/03/2021
Apples,Nature Food,191,0.48,135,0.76,07/02/2021
Apples,Grocers Int.,181,1,99,1.5,29/01/2021
Peas,Natural Best,144,0.48,101,0.73,13/02/2021
Asparagus,Farm Direct,64,0.62,150,1.07,25/01/2021
Broccoli,Clean Living,149,1.19,190,1.99,20/03/2021
Potatoes,Clean Living,148,1.1,156,1.91,24/01/2021
Onions,Natural Best,118,1.12,102,1.95,12/03/2021
Oranges,Nature Food,71,0.62,176,0.94,04/03/2021
Carrots,Natural Best,115,1.42,42,2.4,30/03/2021
Potatoes,Grocers Int.,155,0.62,157,1.03,09/02/2021
Potatoes,Grocers Int.,109,0.62,22,1.04,15/01/2021
Asparagus,Clean Living,182,1.42,61,2.22,16/01/2021
Cabbages,Natural Best,187,1.19,187,2.05,25/02/2021
Oranges,Grocers Int.,160,0.62,181,1.08,13/03/2021
Lemons,Clean Living,196,0.62,36,1.02,09/01/2021
Asparagus,Farm Direct,198,1.19,151,1.98,22/02/2021
Oranges,Grocers Int.,111,0.88,46,1.42,11/03/2021
Cauliflower,Grocers Int.,81,1.1,99,1.79,30/03/2021
Asparagus,Nature Food,197,1.1,39,1.77,15/03/2021
Peas,Clean Living,176,0.48,156,0.73,26/03/2021
Asparagus,Grocers Int.,141,0.83,143,1.44,06/03/2021
Pears,Farm Direct,162,1,160,1.67,22/02/2021
Cauliflower,Clean Living,72,0.62,62,0.95,13/01/2021
Cauliflower,Nature Food,137,0.48,179,0.81,09/01/2021
Potatoes,Natural Best,138,1.12,196,1.69,12/03/2021
Celery,Farm Direct,67,1,150,1.62,19/03/2021
Onions,Grocers Int.,93,0.62,59,0.99,03/03/2021
Apples,Grocers Int.,140,0.62,34,1,20/03/2021
Lemons,Nature Food,63,1,118,1.5,12/03/2021
Melons,Farm Direct,76,0.88,18,1.42,17/03/2021
Limes,Farm Direct,197,1.42,185,2.47,03/02/2021
Potatoes,Nature Food,87,1.12,106,1.74,04/02/2021
Apples,Farm Direct,111,1.1,101,1.84,20/02/2021
Pears,Grocers Int.,79,1,106,1.7,31/01/2021
Cauliflower,Natural Best,103,1.12,168,1.95,26/02/2021
Apples,Farm Direct,94,0.83,88,1.29,19/02/2021
Lettuce,Grocers Int.,82,0.62,199,1.04,03/01/2021
Pears,Clean Living,76,1.42,123,2.24,02/03/2021
Onions,Grocers Int.,96,0.88,81,1.34,28/01/2021
Melons,Clean Living,55,0.48,55,0.78,14/02/2021
Peas,Farm Direct,142,0.88,88,1.37,17/03/2021
Cauliflower,Grocers Int.,188,0.48,178,0.83,20/01/2021
Carrots,Grocers Int.,185,1.12,130,1.93,18/01/2021
Cabbages,Farm Direct,101,0.88,152,1.37,07/02/2021
Melons,Natural Best,171,1.42,177,2.23,29/03/2021
Onions,Nature Food,118,1.19,153,2,12/01/2021
Peas,Clean Living,135,1.12,110,1.84,11/03/2021
Lemons,Clean Living,165,0.48,18,0.73,20/02/2021
Oranges,Nature Food,57,0.62,67,1.07,08/02/2021
Broccoli,Grocers Int.,186,1.19,170,1.94,01/03/2021
Cabbages,Natural Best,92,1,23,1.75,29/01/2021
Cauliflower,Nature Food,190,0.62,72,1.05,10/01/2021
Oranges,Natural Best,92,1.19,194,1.82,27/01/2021
Lettuce,Clean Living,92,0.88,101,1.43,30/01/2021
Oranges,Clean Living,192,0.83,46,1.3,11/03/2021
Apples,Grocers Int.,137,1.42,3,2.39,15/02/2021
Pears,Natural Best,71,1.19,23,2.08,26/02/2021
Potatoes,Farm Direct,187,1,149,1.66,12/02/2021
Lemons,Nature Food,71,1.12,66,1.72,19/01/2021
Cauliflower,Grocers Int.,126,0.48,175,0.81,28/02/2021
Asparagus,Natural Best,152,1.12,101,1.69,16/02/2021
Oranges,Clean Living,139,1.1,64,1.76,21/02/2021
Peas,Nature Food,143,1.12,97,1.76,07/02/2021
Broccoli,Clean Living,175,1,134,1.64,23/03/2021
Limes,Farm Direct,178,0.62,6,1.08,17/01/2021
Cabbages,Natural Best,125,0.62,1,1.05,26/02/2021
Peas,Clean Living,192,0.83,66,1.33,26/03/2021
Asparagus,Farm Direct,56,0.83,102,1.4,30/01/2021
Lettuce,Grocers Int.,129,0.48,170,0.8,19/02/2021
Lettuce,Grocers Int.,126,1.1,100,1.68,24/02/2021
Lettuce,Nature Food,85,0.88,85,1.5,10/02/2021
Limes,Farm Direct,95,1.1,48,1.69,09/03/2021
Peas,Farm Direct,70,0.83,86,1.3,04/03/2021
Broccoli,Grocers Int.,64,0.62,126,0.94,28/01/2021
Pears,Grocers Int.,196,0.83,149,1.33,25/03/2021
Cauliflower,Nature Food,66,0.88,21,1.53,15/02/2021
Lemons,Clean Living,198,1.1,101,1.88,02/02/2021
Melons,Nature Food,137,1.19,45,1.93,03/01/2021
Melons,Nature Food,104,0.88,42,1.42,27/01/2021
Lemons,Grocers Int.,88,0.62,38,1.04,26/02/2021
Lemons,Natural Best,76,1.12,154,1.83,08/02/2021
Celery,Nature Food,151,1.12,63,1.89,16/02/2021
Oranges,Nature Food,89,0.48,48,0.8,26/01/2021
Broccoli,Nature Food,171,1,198,1.55,16/01/2021
